ID,Assembly Number
Valentine,Stuff90-250 RevK3
GORMAN-REDLICK,WRADIO
Apache,ATI-010700-1
Apache,ATI-240500-1
Valentine,Stuff90-2501 Rev L
Mettler Toledo,D14645100A
Mettler Toledo,F14198700A REVF
EDS,DSP7X2
Dwyer Instruments,201154-01
Dwyer Instruments,201154-21
Dwyer Instruments,201103-01
Dwyer Instruments,201102-11
Dwyer Instruments,201102-12
Dwyer Instruments,201102-13
Dwyer Instruments,201101-10
Dwyer Instruments,201101-11
Dwyer Instruments,201099-10
Dwyer Instruments,201099-11
Dwyer Instruments,201099-12
EDS,HA7E
"Nexergy, Inc.",497-0408098
"Nexergy, Inc.",L15007
GORMAN-REDLICK,01053-AD01
Valentine,Stuff90-2501 RevO
Valentine,Stuff90-2501 RevN1
Apache,ATI-210510-1
RF Linx,180201
Apache,ATI-010684-1
EDS,HA7MP
Apache,ATI-027000-1
Valentine,Stuff90-2501 Rev N2
Valco,152XX514-01
Nova,21070103
RF Linx,150231
IAP-NEXICOR,41510101
RL Drake,8101056
RL Drake,8101058
Valco,152XX487-01
Omega Point Systems,80-000001
Dwyer Instruments,DCT-506PCB REV2
Wireless Telematics,WT-8803
Apache,ATI-010700-0
Apache,ATI-010659-0
Dwyer Instruments,201178-01
Valco,151XX460-01
Nova,L301-200-3
Melink,Header
Mac,7-160
Clippard,CS-2961-12
Extreme Dimensions,PCB-101
